teryt;token;district;entire_token
126101;Kraków-Krowodrza: Józefa Chełmońskiego-Deptak
106101;dr. Henryka Trenknera
106101;Tenisowa
106101;Kartuska
106101;Kanonierska
106101;Kapitańska
106101;Kawaleryjska
106101;Giełdowa
106101;Klasyczna
106101;Koryncka
106101;Racławicka
306401;pl. Adama Mickiewicza
226101;Rondo Graniczne Wolne Miasto Gdańsk-Rzeczpospolita Polska 1920 - 1939
226101;rondo im. ks. ppłk. Józefa Wryczy
066301;pl. Jana Kochanowskiego
066301;ul. Wandy Papiewskiej
046101;Miasto Bydgoszcz – część
186301;plac Jana Pawła II
286201;place: Jana Pawła II
086201;Plac ks. biskupa Wilhelma Pluty
166101;płk. poż. Zdzisława Filingera
266101;SKWER: Stefana Żeromskiego
266101;SKWER: Mikołaja Kopernika
266101;Bednarska
266101;Kuśnierska
266101;Giętówka
266101;PLAC: Marszałka Józefa Piłsudskiego.
266101;Świętego Jana Pawła II
266101;RONDO: Wielkiej Orkiestry Świątecznej Pomocy. ULICA:
266101;SKWER: Adwokata Świętosława Krawczyńskiego
266101;RONDO: Gustawa Herlinga-Grudzińskiego
266101;SKWER: Ireny Sendlerowej
226201;Kolonia Rybacka
226201;Cytrynowa
226201;Krykulec
206301;miasto Suwałki
206301;Augusta II Mocnego
066201;Aleksandra Skorupy
026101;Jelenia Góra ulice:
246301;Skwer św. Matki Teresy z Kalkuty
246301;Rondo im. św. Jana Pawła II
246301;Skwer Friedricha Weisslera
246301;Planty imienia Jerzego Wyrobka
246301;Rondo Niebieskich Mistrzów
246301;Rondo Antoniego Sorichty
247501;Dziewanny
247501;Leśny Zakątek.
247701;rondo ks. Leona Szkatuły
140802;Pejzażowa
140803;Rajska
141505;Skwer Artystów Kurpiowskich
141505;Skwer Rotmistrza Witolda Pileckiego
141505;Skwer im. Księdza Prałata Konstantego Rejchla
141505;Skwer Matki
141505;Skwer Zespołu Folklorystycznego Kurpianka Kadzidło
141508;Wolkowe II
142106;Jaworowa II
142306;Por. Józefa Woźniaka ps. "Burza"
142503;Przy Malenie
143205;Dziekanów Polski
143402;Dworska
143409;Łąki
143705;część sołectwa Krzeczanowo
200106;Perkuć.
200209;Bp Leona Ludwika Jaworowskiego
200706;Wilamowo II
201401;domy prywatne o numerach nieparzystych od 7 do 67 oraz bloki o numerach 29
280304;osada leśna Nowy Dwór
280407;Kolonia Zdroje
280407;Kolonia Robotnicza
280409;bez ul. Szpitalna 2
280501;Park Mikołaja Kopernika
280504;Sołectwo Prostki Prostki
281004;Sołectwo Piecki Piecki
281303;Sołectwo Kowale Oleckie Kowale Oleckie
281304;Siejnik
281803;Osiedle 1
281803;Osiedle 2
281803;Osiedle 5
281803;ulica: Miodowa
281803;Czesława Miłosza
281803;Wisławy Szymborskiej
281803;Mikołaja Kopernika
040102;Kępa Słońska
040301;sołectwo Łochowo-część
040301;sołectwo Białe Błota-część
040302;sołectwa: Otowice i Dąbrowa Chełmińska-część
040302;obejmujące: miejscowość Dąbrowa Chełmińska
040302;sołectwo Dąbrowa Chełmińska-część: miejscowość Dąbrowa Chełmińska
040302;Linie
040503;Skępsk
040701;Mała Andrzeja
040701;Część osiedla Stare Miasto
040704;Sławęcinek-część
041206;Zaolzie
041402;sołectwo Dolna Grupa-część
041402;miejscowość Grupa-część
041402;sołectwa: Grupa miejscowość Grupa-część
041501;ks. Jana Achtabowskiego
041501;Ks. Jana Twardowskiego
041601;Brzozie-część
041604;sołectwa: Bysław-część
041804;osada leśna Lipiny
041813;część miejscowości Józefowo
100901;Osiedle Awaryjne
101610;Niewiadów
101901;ks. płk. Józefa Balcerczyka
102001;23/25BL17
102003;Plac Tadeusza Teodorczyka
260604;Targowa
060505;Laski;8
060506;ul. Jana Pawła II
060605;Siennica Nadolna ul. Osiedle Cukrowni 57A
060801;rondo im. 27 Wołyńskiej Dywizji Piechoty AK
060909;Antoninówka
220203;Kamionka
220204;Czersk
220204;osada leśna Czersk
220603;część miejscowości Abisynia
220606;Szady Kierz
220901;Skwer im. Zakonu Joannitów
220901;Ignacego Jana Paderewskiego
221104;Skwer Antoniego Abrahama
221504;Łętówko
221509;Dębowa
221605;osada Sztumska Wieś
300301;place: Plac im. Prymasa Mikołaja Trąby
300602;Karpacka
301404;Nad Osiecznicą
301901;Piła-Stobno.
302005;II
302005;III
302006;Śmieja Młyn
302111;Elizy Orzeszkowej
180405;osada Wietlin
180601;sołectwo Dąbrówka obejmujące wieś Cmolas
180904;Szczutków;6
181802;Sołectwo Kozły-Załęże stanowiące część miejscowości Stany
182002;Osiedle Gorzyce
182003;Sołectwo Grębów-Zapolednik
120303;Chrzanów część Osiedla Niepodległości
120402;Szpitalna
120505;bez przysiółka Bednarskie
120505;przysiółek Bednarskie
120611;ks. Jerzego Popiełuszki od 2 do końca parzyste
120706;osiedla: Centrum
120706;osiedla: Odrończa
120706;Nowy Świat
120712;osiedla Doraź
120712;osiedla Bloki
120712;osiedla Bogaczówka
121005;bez przysiółka Zagóra
121015;bez przysiółka Życzanów
121016;bez części Praczka
121506;bez osiedla Burdylówka
121506;bez osiedla Cyganówka
121506;bez osiedla Judaszówka
121506;bez osiedla Zarąbki
121506;bez osiedla Brzanki
121506;bez osiedla Laskowa
121506;bez osiedla Pustki
121609;TZCB-II
121905;park Mickiewicza
240101;rondo Jana Pawła II
240204;Granice obwodu: Gmina Czechowice-Dziedzice
240204;rondo Solidarności
240302;Cieszyńska od 1 nieparzyste
240302;VII
241403;Spokojna
240402;przysiółek Ignaców
240601;Przybyłów
240802;Cieszyńska od węzła DK 44 z DK 81 do skrzyżowania z Wojska Pol. z Rybnicką
240802;Cieszyńska od skrzyżowania ul. Wojska Polskiego z ul. Rybnicką do granic miasta Łaziska Górne
240902;Stara Huta II wieś Stara Huta
241003;Przemysłowa;;True
241003;Górnicza;;True
241003;Szkolna;9;True
241004;Polna;;True
241304;rondo im. Księdza kpt. Wilhelma Stempora
241304;Rondo im. Stowarzyszenia Miłośników Ziemi Tarnogórskiej
241304;Pustki-Leśnictwo
241503;Ks. Franciszka Blachnickiego
241504;Osiedle XXX Lecia P1E
241602;ks. prał. Piotra Miklasińskiego
241704;Jana Kazimierza nieparzyste
241711;Rajcza
160404;osada Cegielnia
160404;osada Brynica
160602;część Osiedla V - Osiedla Reymonta
160802;Śląski
160802;Śląski Osiedle Centrum III
160806;Sołectwo Bugaj
160907;miasto Niemodlin
020201;Ostatnia
020811;Kasztanowa
020811;Kazimierza Jacukowicza
021404;przysiółek Szklarka
021406;przysiółek Gutków
021503;Osiedle Europejskie
021605;bez Szklarki
021803;przysiółek Miłoszyn
021803;przysiółek Warzyna
022304;Osiedle 4
022304;Osiedle 5
022502;gen. Józefa Bema
080104;osada leśna Różanki
080104;osada leśna Zdroisko
080104;osada leśna Wojcieszyce
080104;osada leśna Rybakowo
080404;Kolonia Górska
080406;wieś Gołaszyn ulice: Poniatowskiego
080406;Szosa Głogowska
080601;osada Ostrowiec
320101;Kostrzyńska
320402;osada leśna Krzewno
321004;osada Dąbrowa
